id,rtti_name,short_name,vtable_rva
1,ActionStateUpdatedEvent,actionstateupdated,0x2a5c148
2,ActivateEvent,activate,0x2a5c068
3,ActivateDefaultStanceEvent,activatedefaultstance,0x2b24610
4,ActivateEffectEvent,activateeffect,0x2b44ca0
5,ActivateSensorEvent,activatesensor,0x2a84118
6,ActorTransferPodArrivedEvent,actortransferpodarrived,0x2b40550
7,AddCollisionFilterEvent,addcollisionfilter,0x2b40c88
8,AddMapBlipEvent,addmapblip,0x2b40ac8
9,AddOxygenTimeEvent,addoxygentime,0x2b3fde0
10,AddTempZoneEvent,addtempzone,0x2b440d0
11,AIOrderCancelledEvent,aiordercancelled,0x2b41190
12,AIOrderFinishedEvent,aiorderfinished,0x2b40978
13,AIOrderParamEditedEvent,aiorderparamedited,0x2b40940
14,AIOrderReadyEvent,aiorderready,0x2b411c8
15,AIOrderSyncPointReleasedEvent,aiordersyncpointreleased,0x2b409e8
16,AirlockCycledEvent,airlockcycled,0x2b3fe88
17,AlertLevelChangedEvent,alertlevelchanged,0x2b42770
18,AmmoChangedEvent,ammochanged,0x2b40048
19,AnimationTickedEvent,animationticked,0x2c17d10
20,AnimationTimerExpiredEvent,animationtimerexpired,0x2b493b0
21,ApproachingWaypointEvent,approachingwaypoint,0x2b43148
22,AreaDamageTriggeredEvent,areadamagetriggered,0x2b3fc90
23,AreaDamageRangeRequestedEvent,areadamagerangerequested,0x2b49618
24,ArrivedAtWaypointEvent,arrivedatwaypoint,0x2b49b20
25,AssignHiredActorEvent,assignhiredactor,0x2b40588
26,AttachBombEvent,attachbomb,0x2b247d0
27,AttachmentEnteredEvent,attachmententered,0x2b40a90
28,AttachmentLeftEvent,attachmentleft,0x2b402b0
29,AttachShipToDockEvent,attachshiptodock,0x2b43c00
30,AttackedEvent,attacked,0x2b43490
31,AttackedComponentEvent,attackedcomponent,0x2b43458
32,AttackStartedEvent,attackstarted,0x2b41548
33,AttackStoppedEvent,attackstopped,0x2b41510
34,AutoPilotDeactivatedEvent,autopilotdeactivated,0x2accf70
35,AutoPilotTargetSetEvent,autopilottargetset,0x2b40e10
36,BecameFormationLeaderEvent,becameformationleader,0x2b49a78
37,BecameFormationWingmanEvent,becameformationwingman,0x2b49a40
38,BoardingOperationAbortedEvent,boardingoperationaborted,0x2b41ac0
39,BoardingOperationCreatedEvent,boardingoperationcreated,0x2b41a50
40,BoardingOperationRemovedEvent,boardingoperationremoved,0x2b419a8
41,BoardingOperationStartedEvent,boardingoperationstarted,0x2b41af8
42,BoardingPhaseChangedEvent,boardingphasechanged,0x2b41970
43,BoardingSupportFailedEvent,boardingsupportfailed,0x2b49298
44,BoardingSupportRequestedEvent,boardingsupportrequested,0x2b419e0
45,BoardingSupportSucceededEvent,boardingsupportsucceeded,0x2b49260
46,BoardingTriggeredEvent,boardingtriggered,0x2b41a18
47,BombAttachedEvent,bombattached,0x2b44d48
48,BombDefusedEvent,bombdefused,0x2b44cd8
49,BoostChargeFinishedEvent,boostchargefinished,0x2a84460
50,BoostChargeStartedEvent,boostchargestarted,0x2a84540
51,BoostChargeAbortedEvent,boostchargestopped,0x2a84498
52,BoostDisabledEvent,boostdisabled,0x2b49810
53,BoostStartedEvent,booststarted,0x2a844d0
54,BoostStoppedEvent,booststopped,0x2a84508
55,BuildCancelledEvent,buildcancelled,0x2b44648
56,BuildFinishedEvent,buildfinished,0x2b44728
57,BuildFinishedComponentsEvent,buildfinishedcomponents,0x2b446f0
58,BuildPausedEvent,buildpaused,0x2b445a0
59,BuildPlotChangedEvent,buildplotchanged,0x2b447d0
60,BuildResumedEvent,buildresumed,0x2b445d8
61,BuildStartedEvent,buildstarted,0x2b44680
62,BuildStorageMovedEvent,buildstoragemoved,0x2a5c2d0
63,BuildTaskAddedEvent,buildtaskadded,0x2b44568
64,BuildTaskLoadoutAppliedEvent,buildtaskloadoutapplied,0x2b444c0
65,CameraEnteredEvent,cameraentered,0x2b49768
66,CameraLeftEvent,cameraleft,0x2b49730
67,CeaseFireEvent,ceasefire,0x2b44258
68,ChangedAdjacentZoneAttentionEvent,changedadjacentzoneattention,0x2a5c1f0
69,ChangedAssignmentEvent,changedassignment,0x2b42a80
70,ChangedAttentionEvent,changedattention,0x2b42888
71,ChangedClusterEvent,changedcluster,0x2b43308
72,ChangeDefenceDroneModeEvent,changedefencedronemode,0x2b42380
73,ChangedEnvironmentObjectEvent,changedenvironmentobject,0x2b431f0
74,ChangedHiddenStateEvent,changedhiddenstate,0x2b428f8
75,ChangedHighwaySectionEvent,changedhighwaysection,0x2ab2dd8
76,ChangedNameEvent,changedname,0x2b431b8
77,ChangedObjectEvent,changedobject,0x2b43730
78,ChangedOwnerEvent,changedowner,0x2b43260
79,ChangedOwnershipContestedEvent,changedownershipcontested,0x2b43110
80,ChangedPlayerActivityEvent,changedplayeractivity,0x2ae3270
81,ChangedRoomEvent,changedroom,0x2b43848
82,ChangedSceneEvent,changedscene,0x2b432d0
83,ChangedSectorEvent,changedsector,0x2b43340
84,ChangedStateEvent,changedstate,0x2b42930
85,ChangedSubordinateGroupEvent,changedsubordinategroup,0x2b42a48
86,ChangedTrueOwnerEvent,changedtrueowner,0x2b43228
87,ChangedZoneEvent,changedzone,0x2b43298
88,ChangeGeometryStateEvent,changegeometrystate,0x2b43e30
89,ChangeMiningDroneModeEvent,changeminingdronemode,0x2b42348
90,ChangeMovementEvent,changemovement,0x2b43df8
91,ChangeRoomEvent,changeroom,0x2b44028
92,ChangeTransportDroneModeEvent,changetransportdronemode,0x2b42230
93,CharacterAnimationFinishedEvent,characteranimationfinished,0x2b44060
94,CharacterAnimationStartedEvent,characteranimationstarted,0x2b44098
95,ClaimedAsSalvageEvent,claimedassalvage,0x2b44a00
96,ClaimedShipEvent,claimedship,0x2b41008
97,ClearCollidingObjectEvent,clearcollidingobject,0x2b24760
98,ClusterAddedEvent,clusteradded,0x2b420a8
99,ClusterRemovedEvent,clusterremoved,0x2b42070
100,CockpitToggledEvent,cockpittoggled,0x2b493e8
101,CockpitViewActivatedEvent,cockpitviewactivated,0x2b49490
102,CollectedAmmoEvent,collectedammo,0x2b44220
103,CollectedPowerUpEvent,collectedpowerup,0x2a5c110
104,CollectedResourceEvent,collectedresource,0x2b44290
105,CollectedWareEvent,collectedware,0x2b441b0
106,CollectWareFailedEvent,collectwarefailed,0x2b439d0
107,CollisionEvent,collision,0x2b3fd38
108,CommanderSetEvent,commanderset,0x2b430a0
109,ComponentDismantledEvent,componentdismantled,0x2b44b50
110,ConstructionSequenceGeneratedEvent,constructionsequencegenerated,0x2b40828
111,ControlEntityAddedEvent,controlentityadded,0x2b435e0
112,ControlEntityRemovedEvent,controlentityremoved,0x2b435a8
113,ControlStartedEvent,controlstarted,0x2b43650
114,ControlStoppedEvent,controlstopped,0x2b43618
115,ConversationFinishedEvent,conversationfinished,0x2b41708
116,ConversationNextSectionEvent,conversationnextsection,0x2b41698
117,ConversationReturnedToSectionEvent,conversationreturnedtosection,0x2b41660
118,ConversationStartedEvent,conversationstarted,0x2b41740
119,CooldownFinishedEvent,cooldownfinished,0x2b246f0
120,CountermeasureLaunchedEvent,countermeasurelaunched,0x2b42d90
121,CrateEnteredEvent,crateentered,0x2b43810
122,CrateLeftEvent,crateleft,0x2b437d8
123,CrateOpenedEvent,crateopened,0x2b43880
124,CutsceneCameraCreatedEvent,cutscenecameracreated,0x2c06bc8
125,CutsceneReadyEvent,cutsceneready,0x2c06c38
126,CutsceneSignalEvent,cutscenesignal,0x2c06c00
127,CutsceneStartedEvent,cutscenestarted,0x2c06b90
128,CutsceneStoppedEvent,cutscenestopped,0x2c06b58
129,CycledActiveWeaponAmmoEvent,cycledactiveweaponammo,0x2a84070
130,DamageEvent,damage,0x2b44418
131,DataVaultUnlockedEvent,datavaultunlocked,0x2b3f900
132,DeactivateEvent,deactivate,0x2a5c030
133,DeployableFinishedLaunchingEvent,deployablefinishedlaunching,0x2a84038
134,DestructibleChangedStateEvent,destructiblechangedstate,0x2b42f18
135,DestructibleRepairedEvent,destructiblerepaired,0x2b40be0
136,DetachedFromMassTrafficEvent,detachedfrommasstraffic,0x2b24798
137,DetachShipFromDockEvent,detachshipfromdock,0x2b43bc8
138,DiplomacyActionOperationAbortedEvent,diplomacyactionoperationaborted,0x2b41938
139,DiplomacyActionOperationCompletedEvent,diplomacyactionoperationcompleted,0x2b41900
140,DiplomacyActionOperationCreatedEvent,diplomacyactionoperationcreated,0x2b418c8
141,DiplomacyActionOperationStartedEvent,diplomacyactionoperationstarted,0x2b41890
142,DiplomacyEventOperationAbortedEvent,diplomacyeventoperationaborted,0x2b41858
143,DiplomacyEventOperationCompletedEvent,diplomacyeventoperationcompleted,0x2b41820
144,DiplomacyEventOperationCreatedEvent,diplomacyeventoperationcreated,0x2b417e8
145,DiplomacyEventOperationOptionChosenEvent,diplomacyeventoperationoptionchosen,0x2b41078
146,DiplomacyEventOperationStartedEvent,diplomacyeventoperationstarted,0x2b417b0
147,DismantledEvent,dismantled,0x2b44b18
148,DismantledComponentEvent,dismantledcomponent,0x2b44a38
149,DismantlingFailedEvent,dismantlingfailed,0x2b44b88
150,DismantlingFinishedEvent,dismantlingfinished,0x2b44ae0
151,DistressDroneLaunchedEvent,distressdronelaunched,0x2b423f0
152,DockAssignedEvent,dockassigned,0x2b42ab8
153,DockedEvent,docked,0x2b43dc0
154,DockingAbortedEvent,dockingaborted,0x2b43b58
155,DockingBayAvailableEvent,dockingbayavailable,0x2b40438
156,DockingDeniedEvent,dockingdenied,0x2b43ce0
157,DockingImpossibleEvent,dockingimpossible,0x2b43ca8
158,DockingQueuedEvent,dockingqueued,0x2a5c0d8
159,DockingStartedEvent,dockingstarted,0x2b43d88
160,DockTooFarEvent,docktoofar,0x2b43b90
161,DockUnassignedEvent,dockunassigned,0x2b42b60
162,DroppedObjectEvent,droppedobject,0x2b40fd0
163,EfficiencyResetEvent,efficiencyreset,0x2a84230
164,EjectedEvent,ejected,0x2a5bff8
165,EjectingEvent,ejecting,0x2ae3190
166,EjectNPCsEvent,ejectnpcs,0x2b40f98
167,EjectPeopleEvent,ejectpeople,0x2b40f60
168,EjectRecyclableEvent,ejectrecyclable,0x2b3fe18
169,EmptyWeaponGroupFiredEvent,emptyweapongroupfired,0x2b40518
170,EnteredAnomalyEvent,enteredanomaly,0x2b43ea0
171,EnteredGateEvent,enteredgate,0x2b43f48
172,EntityChangedOwnerEvent,entitychangedowner,0x2b43a08
173,EntityChangedTrueOwnerEvent,entitychangedtrueowner,0x2b438f0
174,EntityEnteredEvent,entityentered,0x2b438b8
175,EntityHiddenStateChangedEvent,entityhiddenstatechanged,0x2b43928
176,EntityLeftEvent,entityleft,0x2b43960
177,EntityTransportationFinishedEvent,entitytransportationfinished,0x2b43ed8
178,ExplorationChartCompletedEvent,explorationchartcompleted,0x2b3f858
179,ExternalTargetViewActivatedEvent,externaltargetviewactivated,0x2b49500
180,ExternalViewActivatedEvent,externalviewactivated,0x2b49538
181,FactionActivatedEvent,factionactivated,0x2b42578
182,FactionDeactivatedEvent,factiondeactivated,0x2b42620
183,FactionHeadquartersChangedEvent,factionheadquarterschanged,0x2b41e08
184,FactionPoliceChangedEvent,factionpolicechanged,0x2b425e8
185,FactionRelationChangedEvent,factionrelationchanged,0x2b427a8
186,FactionRelationRangeChangedEvent,factionrelationrangechanged,0x2b42700
187,FactionRepresentativeChangedEvent,factionrepresentativechanged,0x2b41dd0
188,FadeOutEffectEvent,fadeouteffect,0x2b49998
189,FindTargetEvent,findtarget,0x2a84428
190,FlightControlStartedEvent,flightcontrolstarted,0x2b436c0
191,FlightControlStoppedEvent,flightcontrolstopped,0x2b43688
192,FloatingViewActivatedEvent,floatingviewactivated,0x2b49420
193,FlyInMassTrafficEvent,flyinmasstraffic,0x2b389b8
194,FogOfWarChangedEvent,fogofwarchanged,0x2b3ff68
195,FormationUpdateFailedEvent,formationupdatefailed,0x2b49928
196,FormationUpdateSucceededEvent,formationupdatesucceeded,0x2b49960
197,GameLoadedEvent,gameloaded,0x2b41468
198,GameOverEvent,gameover,0x2b45090
199,GameSavedEvent,gamesaved,0x2b41430
200,GameStartedEvent,gamestarted,0x2b413c0
201,GameTriggerEvent,gametrigger,0x2b43e68
202,GenerateMazesEvent,generatemazes,0x2b448e8
203,GeneratePropsEvent,generateprops,0x2a5c260
204,GetUpEvent,getup,0x29e48f8
205,GodCreatedFactoryEvent,godcreatedfactory,0x2b408d0
206,GodCreatedObjectEvent,godcreatedobject,0x2b40780
207,GodCreatedShipEvent,godcreatedship,0x2b407b8
208,GodCreatedStationEvent,godcreatedstation,0x2b40908
209,GravidarAddedEvent,gravidaradded,0x2b49bc8
210,GravidarFactorChangedEvent,gravidarfactorchanged,0x2b3fec0
211,GravidarFoundDropsEvent,gravidarfounddrops,0x2b44488
212,GravidarFoundEnemyEvent,gravidarfoundenemy,0x2b44450
213,GravidarHasScannedEvent,gravidarhasscanned,0x2b49b58
214,HackedEvent,hacked,0x2b41c80
215,HackExpiredEvent,hackexpired,0x2a840e0
216,HUDToggledEvent,hudtoggled,0x2b402e8
217,HullAboveFunctionThresholdEvent,hullabovefunctionthreshold,0x2b42818
218,HullBelowFunctionThresholdEvent,hullbelowfunctionthreshold,0x2b428c0
219,HullDamagedEvent,hulldamaged,0x2b42fc0
220,HullRepairedEvent,hullrepaired,0x2b42f88
221,HullResetEvent,hullreset,0x2b42e70
222,IllegalActivityDetectedEvent,illegalactivitydetected,0x2b41a88
223,IncomingMessageEvent,incomingmessage,0x2b3fad0
224,IncomingMessageReadEvent,incomingmessageread,0x2b3fb40
225,IncomingMissileEvent,incomingmissile,0x2b41eb0
226,InfluenceUpdatedEvent,influenceupdated,0x2b41778
227,InteriorsDespawningEvent,interiorsdespawning,0x2a5c180
228,InventoryWaresAddedEvent,inventorywaresadded,0x2b41388
229,InventoryWaresRemovedEvent,inventorywaresremoved,0x2b41350
230,JobShipActivatedEvent,jobshipactivated,0x2b407f0
231,JoinedFormationEvent,joinedformation,0x2b499d0
232,KillEvent,kill,0x2b44d10
233,KillCheckEvent,killcheck,0x2a5c1b8
234,KilledEvent,killed,0x2b44bf8
235,KilledComponentEvent,killedcomponent,0x2b44bc0
236,LaserTowerLaunchedEvent,lasertowerlaunched,0x2b42e00
237,LeaveScenarioConsoleEvent,leavescenarioconsole,0x2ae3008
238,LeftFormationEvent,leftformation,0x2b49a08
239,LicenceAddedEvent,licenceadded,0x2b426c8
240,LicenceLostEvent,licencelost,0x2b425b0
241,LockAcquiredEvent,lockacquired,0x2b41d60
242,LockboxOpenedEvent,lockboxopened,0x2b405c0
243,LockInitiatedEvent,lockinitiated,0x2b41c48
244,LockLostEvent,locklost,0x2b41c10
245,LongRangeScanPingEvent,longrangescanping,0x2b41cf0
246,LongRangeScanSentEvent,longrangescansent,0x2b41d98
247,MappedBoundsChangedEvent,mappedboundschanged,0x2b3ffa0
248,MassTrafficNetworkRemovedEvent,masstrafficnetworkremoved,0x2b43d18
249,MineLaunchedEvent,minelaunched,0x2b42cb0
250,MissileLaunchedEvent,missilelaunched,0x2b41ee8
251,MissionInfoUpdateEvent,missioninfoupdate,0x2b49308
252,MissionObjectiveBarUpdateEvent,missionobjectivebarupdate,0x2b492d0
253,MissionObjectiveHintUpdateEvent,missionobjectivehintupdate,0x2b41b30
254,MissionOfferAddedEvent,missionofferadded,0x2c09d20
255,MissionOfferRemovedEvent,missionofferremoved,0x2c09d90
256,MissionOfferUpdatedEvent,missionofferupdated,0x2b41f58
257,MissionRemovedEvent,missionremoved,0x2c09d58
258,MoneyUpdatedEvent,moneyupdated,0x2b41f20
259,MovedIntoInternalStorageEvent,movedintointernalstorage,0x2b43ab0
260,NavBeaconLaunchedEvent,navbeaconlaunched,0x2b42d20
261,NavHelperGeneratedEvent,navhelpergenerated,0x2b495e0
262,NavHelperRegeneratedEvent,navhelperregenerated,0x2b494c8
263,NotificationFreedEvent,notificationfreed,0x29e4930
264,NPCCreatedEvent,npccreated,0x2b448b0
265,NPCFinishWalkEvent,npcfinishwalk,0x2b44108
266,NPCSlotsValidatedEvent,npcslotsvalidated,0x2b40b38
267,NPCWalkFinishedEvent,npcwalkfinished,0x2ae3430
268,ObjectAbandonedEvent,objectabandoned,0x2a5bf88
269,ObjectChangedOwnerEvent,objectchangedowner,0x2b43420
270,ObjectChangedStateEvent,objectchangedstate,0x2b433e8
271,ObjectChangedStateInLiveViewEvent,objectchangedstateinliveview,0x2b40f28
272,ObjectChangedTrueOwnerEvent,objectchangedtrueowner,0x2b42bd0
273,ObjectCollidedEvent,objectcollided,0x2b41158
274,ObjectCommanderSetEvent,objectcommanderset,0x2b429d8
275,ObjectDefenceDroneModeChangedEvent,objectdefencedronemodechanged,0x2b421f8
276,ObjectDefenceDronesArmedEvent,objectdefencedronesarmed,0x2a84188
277,ObjectDefenceDronesDisarmedEvent,objectdefencedronesdisarmed,0x2a84268
278,ObjectDockAssignedEvent,objectdockassigned,0x2b42b28
279,ObjectDockedEvent,objectdocked,0x2b42b98
280,ObjectDockingStartedEvent,objectdockingstarted,0x2b42c40
281,ObjectDockUnassignedEvent,objectdockunassigned,0x2b42a10
282,ObjectEnteredEvent,objectentered,0x2b433b0
283,ObjectEnteredLiveViewEvent,objectenteredliveview,0x2b49688
284,ObjectEnteredPlayerViewEvent,objectenteredplayerview,0x2b496f8
285,ObjectLaunchedCountermeasureEvent,objectlaunchedcountermeasure,0x2b42d58
286,ObjectLaunchedDistressDroneEvent,objectlauncheddistressdrone,0x2b423b8
287,ObjectLaunchedLaserTowerEvent,objectlaunchedlasertower,0x2b42dc8
288,ObjectLaunchedMineEvent,objectlaunchedmine,0x2b42c78
289,ObjectLaunchedNavBeaconEvent,objectlaunchednavbeacon,0x2b42ce8
290,ObjectLaunchedResourceProbeEvent,objectlaunchedresourceprobe,0x2b42498
291,ObjectLaunchedSatelliteEvent,objectlaunchedsatellite,0x2b42508
292,ObjectLeftEvent,objectleft,0x2b43378
293,ObjectLeftLiveViewEvent,objectleftliveview,0x2b49650
294,ObjectLeftPlayerViewEvent,objectleftplayerview,0x2b496c0
295,ObjectMiningDroneModeChangedEvent,objectminingdronemodechanged,0x2b422a0
296,ObjectMiningDronesArmedEvent,objectminingdronesarmed,0x2a842a0
297,ObjectMiningDronesDisarmedEvent,objectminingdronesdisarmed,0x2a842d8
298,ObjectMovedIntoInternalStorageEvent,objectmovedintointernalstorage,0x2b43a78
299,ObjectOpenedLockboxEvent,objectopenedlockbox,0x2b40668
300,ObjectPickedUpEvent,objectpickedup,0x2b43998
301,ObjectRelationRangeChangedEvent,objectrelationrangechanged,0x2b42658
302,ObjectRetrievedFromInternalStorageEvent,objectretrievedfrominternalstorage,0x2b43ae8
303,ObjectSignalledEvent,objectsignalled,0x2b40e80
304,ObjectTransportDroneModeChangedEvent,objecttransportdronemodechanged,0x2b42268
305,ObjectTransportDronesArmedEvent,objecttransportdronesarmed,0x2a84310
306,ObjectTransportDronesDisarmedEvent,objecttransportdronesdisarmed,0x2a841f8
307,ObjectTriggeredEvent,objecttriggered,0x2b41120
308,ObjectUndockedEvent,objectundocked,0x2b42c08
309,ObjectUndockingStartedEvent,objectundockingstarted,0x2b42af0
310,ObjectWeaponModeChangedEvent,objectweaponmodechanged,0x2b42850
311,ObservationStartedEvent,observationstarted,0x2b414d8
312,ObservationStoppedEvent,observationstopped,0x2b414a0
313,,onlinemissionofferrequested,
314,,onlineoperationupdated,
315,OpenLockboxEvent,openlockbox,0x2b40630
316,OpenScenarioSelectionMenuEvent,openscenarioselectionmenu,0x2b3fda8
317,OutOfAmmoEvent,outofammo,0x2b44370
318,OxygenEmptyEvent,oxygenempty,0x2b246b8
319,OxygenLowEvent,oxygenlow,0x2b40710
320,PaidBuildPlotChangedEvent,paidbuildplotchanged,0x2b446b8
321,PauseEvent,pause,0x2b49378
322,PerformTransporterTransitionEvent,performtransportertransition,0x2b43ff0
323,PhaseStartedEvent,phasestarted,0x2b3fef8
324,PhysicalChildAddedEvent,physicalchildadded,0x2b429a0
325,PhysicalChildChangedSizeEvent,physicalchildchangedsize,0x2b42968
326,PhysicalChildRemovedEvent,physicalchildremoved,0x2b42f50
327,PickedUpObjectEvent,pickedupobject,0x2b43a40
328,PlatformActorCreatedEvent,platformactorcreated,0x2b415f0
329,PlatformTriggerActivatedEvent,platformtriggeractivated,0x2b40ba8
330,PlatformTriggerDeactivatedEvent,platformtriggerdeactivated,0x2b40b70
331,PlatformTriggerUnlockedEvent,platformtriggerunlocked,0x2b40b00
332,PlayAmmunitionReloadFinishedSoundEvent,playammunitionreloadfinishedsound,0x2b24648
333,PlayerAlertEvent,playeralert,0x2b40ef0
334,PlayerBlueprintAddedEvent,playerblueprintadded,0x2b443a8
335,PlayerBuildTaskAddedEvent,playerbuildtaskadded,0x2b44530
336,PlayerCameraModeChangedEvent,playercameramodechanged,0x2b38830
337,PlayerChangedTargetEvent,playerchangedtarget,0x2b40da0
338,PlayerCraftedAmmoEvent,playercraftedammo,0x2b442c8
339,PlayerCreatedEvent,playercreated,0x2ae3158
340,PlayerDetectedObjectEvent,playerdetectedobject,0x2b44fb0
341,PlayerDiscoveredComponentEvent,playerdiscoveredcomponent,0x2b450c8
342,PlayerDiscoveredMissionOfferEvent,playerdiscoveredmissionoffer,0x2b45100
343,PlayerHackedObjectEvent,playerhackedobject,0x2b41b68
344,PlayerInteractionEvent,playerinteraction,0x2b42ff8
345,PlayerInterfaceUpdatedEvent,playerinterfaceupdated,0x2ae3238
346,PlayerOwnedObjectAttackedObjectEvent,playerownedobjectattackedobject,0x2b43500
347,PlayerOwnedObjectCollectedResourceEvent,playerownedobjectcollectedresource,0x2b44178
348,PlayerOwnedObjectDroppedObjectEvent,playerownedobjectdroppedobject,0x2b40eb8
349,PlayerOwnedObjectKilledObjectEvent,playerownedobjectkilledobject,0x2b44c30
350,PlayerOwnedObjectKilledEvent,playerownedobjectwaskilled,0x2b44c68
351,PlayerPriceModifierAddedEvent,playerpricemodifieradded,0x2b44338
352,PlayerPriceModifiersUpdatedEvent,playerpricemodifiersupdated,0x2ae31c8
353,PlayerResearchAddedEvent,playerresearchadded,0x2b44300
354,PlayerShipHitEvent,playershiphit,0x2b434c8
355,PlayerTradeDiscoveredEvent,playertradediscovered,0x2b44f78
356,PlayerVisibleRoomAddedEvent,playervisibleroomadded,0x2b406d8
357,PlayerVisibleRoomRemovedEvent,playervisibleroomremoved,0x2b406a0
358,PlayerWarningEvent,playerwarning,0x2b41628
359,PlayRandomNoiseEvent,playrandomnoise,0x2b42150
360,PlaySoundEvent,playsound,0x2b41bd8
361,POIAddedEvent,poiadded,0x2b49228
362,POIRemovedEvent,poiremoved,0x2b491f0
363,PrimaryWeaponRangeRequestedEvent,primaryweaponrangerequested,0x2b409b0
364,ProcessAssignedRecyclableObjectEvent,processassignedrecyclableobject,0x2b3fa60
365,ProcessingModuleAvailableEvent,processingmoduleavailable,0x2b3f9f0
366,ProductionCancelledEvent,productioncancelled,0x2b44990
367,ProductionFinishedEvent,productionfinished,0x2b44958
368,ProductionPausedEvent,productionpaused,0x2b449c8
369,ProductionResumedEvent,productionresumed,0x2b44920
370,ProductionStartedEvent,productionstarted,0x2b44a70
371,PropsDespawningEvent,propsdespawning,0x2b44840
372,PropsGeneratedEvent,propsgenerated,0x2b44878
373,PurgeBoardingOperationEvent,purgeboardingoperation,0x2b44e60
374,PurgeBuildTaskEvent,purgebuildtask,0x2b44db8
375,PurgeOperationEvent,purgeoperation,0x2b44e28
376,PurgeTradeEvent,purgetrade,0x2b44df0
377,RadarVisibilityChangedEvent,radarvisibilitychanged,0x2b44798
378,RecyclableEjectedEvent,recyclableejected,0x2a84000
379,RecyclableNearFurnaceEvent,recyclablenearfurnace,0x2b3f9b8
380,RecyclableProcessedEvent,recyclableprocessedevent,0x2b3fa28
381,RecyclableProcessingStartedEvent,recyclableprocessingstartedevent,0x2b3f980
382,RegionAsteroidMinedEvent,regionasteroidmined,0x2b44140
383,RelationChangedEvent,relationchanged,0x2b427e0
384,RelationRangeChangedEvent,relationrangechanged,0x2b42690
385,RemoveCollisionFilterEvent,removecollisionfilter,0x2b40c50
386,RemovedFromFormationEvent,removedfromformation,0x2ae3350
387,RemoveRegionObjectsEvent,removeregionobjects,0x2b49570
388,RemoveTempComponentEvent,removetempcomponent,0x2b38980
389,RepairEvent,repair,0x2b443e0
390,RepairRequestedEvent,repairrequested,0x2b41040
391,ReplacePhysicsShapesEvent,replacephysicsshapes,0x2b3fa98
392,ResetDockStateEvent,resetdockstate,0x2a83fc8
393,ResetZoomGogglesEvent,resetzoomgoggles,0x2ae3078
394,ResourceAreaActivatedEvent,resourceareaactivated,0x2b3fd00
395,ResourceAreaRespawnJobFinishedEvent,resourcearearespawnjobfinished,0x2b3f890
396,ResourceAreaSpawnedEvent,resourceareaspawned,0x2b3fcc8
397,ResourceAreaDepletedEvent,resourceareadepleted,0x2b3f8c8
398,ResourceProbeLaunchedEvent,resourceprobelaunched,0x2b424d0
399,RestoreEvent,restore,0x2b45058
400,RestoredEvent,restored,0x2a843f0
401,ResumeEvent,resume,0x2b49340
402,RetrievedFromInternalStorageEvent,retrievedfrominternalstorage,0x2b43b20
403,ReturnUnitEvent,returnunit,0x2b410b0
404,SalvageClaimLostEvent,salvageclaimlost,0x2b44aa8
405,SatelliteLaunchedEvent,satellitelaunched,0x2b42540
406,ScanAbortedEvent,scanaborted,0x2b41e78
407,ScanFinishedEvent,scanfinished,0x2b41e40
408,ScanStartedEvent,scanstarted,0x2b41d28
409,ScenarioConsoleLeftEvent,scenarioconsoleleft,0x2ae30b0
410,SectorAddedEvent,sectoradded,0x2b42118
411,SectorChangedOwnerEvent,sectorchangedowner,0x2b430d8
412,SectorChangedTrueOwnerEvent,sectorchangedtrueowner,0x2b43180
413,SectorRemovedEvent,sectorremoved,0x2b420e0
414,SectorResourceDepletedEvent,sectorresourcedepleted,0x2b441e8
415,SensorTriggeredEvent,sensortriggered,0x2b38868
416,SetDetectedResourceAreaOverlapFractionEvent,setdetectedresourceareaoverlapfraction,0x2b3f938
417,SetKnownToPlayerEvent,setknowntoplayer,0x2ae3120
418,SetMinHullValueEvent,setminhullvalue,0x2b413f8
419,SetStoreShipAllowedEvent,setstoreshipallowed,0x2a840a8
420,SetTerraformingPlanetTextureEvent,setterraformingplanettexture,0x2b3fd70
421,ShieldDamagedEvent,shielddamaged,0x2b42e38
422,ShieldRepairedEvent,shieldrepaired,0x2b42ee0
423,ShipBuiltEvent,shipbuilt,0x2b44610
424,ShootTargetRemovedEvent,shoottargetremoved,0x2b400f0
425,ShootTargetSetEvent,shoottargetset,0x2b40240
426,SignalLeakRepairedEvent,signalleakrepaired,0x2b40c18
427,SignalLeaksCreatedEvent,signalleakscreated,0x2b40a58
428,SignalNextEnvMapProbeRenderEvent,signalnextenvmapproberender,0x2b49458
429,SignalUnlockFailedEvent,signalunlockfailed,0x2b40cc0
430,SignalUnlockFinishedEvent,signalunlockfinished,0x2b40d68
431,SignalUnlockImpossibleEvent,signalunlockimpossible,0x2b40d30
432,SignalUnlockStartedEvent,signalunlockstarted,0x2b40cf8
433,SpaceReservationExpiredEvent,spacereservationexpired,0x2b43fb8
434,SpawnSurfaceAttachmentEvent,spawnsurfaceattachment,0x2b40a20
435,SpeakFinishedEvent,speakfinished,0x2b416d0
436,SpeakLineFinishedEvent,speaklinefinished,0x2b41580
437,SpeakTimerTriggeredEvent,speaktimertriggered,0x2b415b8
438,StanceActivatedEvent,stanceactivated,0x2b3fc58
439,StartAmmunitionReloadEvent,startammunitionreload,0x2b24680
440,StartBoostEvent,startboost,0x2b49848
441,StartControlEvent,startcontrol,0x2ae3318
442,StartDialogEvent,startdialog,0x2b497d8
443,StartedAimingEvent,startedaiming,0x2b40160
444,StartedShootingEvent,startedshooting,0x2b025e0
445,StartPhaseEvent,startphase,0x2b3ff30
446,StartTravelModeEvent,starttravelmode,0x2b49880
447,StationBuiltEvent,stationbuilt,0x2b444f8
448,StopBoostEvent,stopboost,0x2a84348
449,StopCameraAnimationEvent,stopcameraanimation,0x2ae3040
450,StopControlEvent,stopcontrol,0x2ae32e0
451,StopDialogEvent,stopdialog,0x2b497a0
452,StopEnvMapProbeRenderEvent,stopenvmapproberender,0x2b3f538
453,StoppedAimingEvent,stoppedaiming,0x2b02650
454,StoppedShootingEvent,stoppedshooting,0x2b02618
455,StopSoundEvent,stopsound,0x2b41ba0
456,StopTravelModeEvent,stoptravelmode,0x2b44760
457,SubordinateAddedEvent,subordinateadded,0x2b43068
458,SubordinatePromotedEvent,subordinatepromoted,0x2b43570
459,SubordinateRemovedEvent,subordinateremoved,0x2b43538
460,SupplyOrderWaresAddedEvent,supplyorderwaresadded,0x2b412a8
461,SupplyOrderWaresRemovedEvent,supplyorderwaresremoved,0x2b41270
462,SupplyWaresAddedEvent,supplywaresadded,0x2b41238
463,SupplyWaresRemovedEvent,supplywaresremoved,0x2b41200
464,TakeShipFromStorageEvent,takeshipfromstorage,0x2b40748
465,TargetInvalidEvent,targetinvalid,0x2b43030
466,TargetLostEvent,targetlost,0x2b41cb8
467,TeleportEvent,teleport,0x2b437a0
468,TeleportFailedEvent,teleportfailed,0x2b43d50
469,TeleportSuccessfulEvent,teleportsuccessful,0x2b43768
470,TempComponentAddedEvent,tempcomponentadded,0x2b421c0
471,TempComponentRemovedEvent,tempcomponentremoved,0x2b42188
472,TempZoneAddedEvent,tempzoneadded,0x2b42038
473,TempZoneRemovedEvent,tempzoneremoved,0x2b42000
474,TerraformingEventAvailableEvent,terraformingeventavailable,0x2b3fb78
475,TerraformingEventCompletedEvent,terraformingeventcompleted,0x2b3fbb0
476,TerraformingEventStartedEvent,terraformingeventstarted,0x2b40390
477,TerraformingHabitabilityChangedEvent,terraforminghabitabilitychanged,0x2a5bf50
478,TerraformingProjectAvailableEvent,terraformingprojectavailable,0x2b403c8
479,TerraformingProjectCompletedEvent,terraformingprojectcompleted,0x2b40470
480,TerraformingProjectFailedEvent,terraformingprojectfailed,0x2b40320
481,TerraformingProjectProductionStartedEvent,terraformingprojectproductionstarted,0x2b40400
482,TerraformingProjectStartedEvent,terraformingprojectstarted,0x2b404a8
483,TerraformingProjectSucceededEvent,terraformingprojectsucceeded,0x2b40358
484,TerraformingStatAddedEvent,terraformingstatadded,0x2b3fc20
485,TerraformingStatChangedEvent,terraformingstatchanged,0x2b3fb08
486,TerraformingStatRemovedEvent,terraformingstatremoved,0x2b3fbe8
487,TimeWarpCancelledEvent,timewarpcancelled,0x2ae32a8
488,TimeWarpFailedEvent,timewarpfailed,0x2ae3200
489,TimeWarpStartedEvent,timewarpstarted,0x2accf38
490,TimeWarpStoppedEvent,timewarpstopped,0x2accf00
491,TradeCancelledEvent,tradecancelled,0x2b44f08
492,TradeCargoArrivedEvent,tradecargoarrived,0x2b44e98
493,TradeCargoDepartedEvent,tradecargodeparted,0x2b44ed0
494,TradeCargoDestroyedEvent,tradecargodestroyed,0x2b44f40
495,TradeCompletedEvent,tradecompleted,0x2b44fe8
496,TradeStartedEvent,tradestarted,0x2b45020
497,TrafficLevelChangedEvent,trafficlevelchanged,0x2b42738
498,TransitionEvent,transition,0x2b43f10
499,TransportedToOffsetEvent,transportedtooffset,0x2b436f8
500,TravelDisabledEvent,traveldisabled,0x2b498b8
501,TravelModeChargeAbortedEvent,travelmodechargeaborted,0x2ae33c0
502,TravelModeChargeStartedEvent,travelmodechargestarted,0x2b44808
503,TravelModeStartedEvent,travelmodestarted,0x2ae3388
504,TravelModeStoppedEvent,travelmodestopped,0x2ae33f8
505,TriggerAnimationEvent,triggeranimation,0x2b44d80
506,TryEjectRecyclableEvent,tryejectrecyclable,0x2b3fe50
507,TurretActivatedEvent,turretactivated,0x2b401d0
508,TurretDeactivatedEvent,turretdeactivated,0x2b40198
509,TurretRangeRequestedEvent,turretrangerequested,0x2b40860
510,UITriggeredEvent,uitriggered,0x2b40dd8
511,UndockedEvent,undocked,0x2b43c70
512,UndockingClearedEvent,undockingcleared,0x2a841c0
513,UndockingQueuedEvent,undockingqueued,0x2a5c0a0
514,UndockingStartedEvent,undockingstarted,0x2b43c38
515,UnitDestroyedEvent,unitdestroyed,0x2b410e8
516,UnitStartedBuildingEvent,unitstartedbuilding,0x2b38910
517,UnitStartedRepairingEvent,unitstartedrepairing,0x2b388a0
518,UnitStoppedBuildingEvent,unitstoppedbuilding,0x2b38948
519,UnitStoppedRepairingEvent,unitstoppedrepairing,0x2b388d8
520,UniverseGeneratedEvent,universegenerated,0x2b498f0
521,UnlockPlatformTriggersEvent,unlockplatformtriggers,0x2b404e0
522,UpdateBuildEvent,updatebuild,0x2a5c228
523,UpdateDismantlingEvent,updatedismantling,0x2a843b8
524,UpdateEngineParametersEvent,updateengineparameters,0x2b495a8
525,UpdateGravidarAccessEvent,updategravidaraccess,0x2b49b90
526,UpdateGravidarCloakFactorEvent,updategravidarcloakfactor,0x2b49ab0
527,UpdateGravidarScanRadiusEvent,updategravidarscanradius,0x2b49ae8
528,UpdateHoloMapEvent,updateholomap,0x2a5bfc0
529,UpdateMassTrafficInvolvementEvent,updatemasstrafficinvolvement,0x2b30f90
530,UpdateTradeOffersEvent,updatetradeoffers,0x2a5c298
531,UpdateZoneEvent,updatezone,0x2ae30e8
532,VentureAbortedEvent,ventureaborted,0x2b40278
533,,venturecompleted,
534,,ventureshipadded,
535,,ventureshipremoved,
536,VerifyPathPointsEvent,verifypathpoints,0x2b40e48
537,VoiceOutputEvent,voiceoutput,0x2a84380
538,VolatileWaresAddedEvent,volatilewaresadded,0x2b41318
539,VolatileWaresRemovedEvent,volatilewaresremoved,0x2b412e0
540,WarpEvent,warp,0x2b43f80
541,WeaponActivatedEvent,weaponactivated,0x2b42460
542,WeaponAmmoChangedEvent,weaponammochanged,0x2b405f8
543,WeaponDeactivatedEvent,weapondeactivated,0x2b42428
544,WeaponFiredEvent,weaponfired,0x2b42ea8
545,WeaponFireRangeRequestedEvent,weaponfirerangerequested,0x2b40898
546,WeaponGroupActivatedEvent,weapongroupactivated,0x2b42310
547,WeaponGroupChangedEvent,weapongroupchanged,0x2a84150
548,WeaponGroupDeactivatedEvent,weapongroupdeactivated,0x2b422d8
549,WeaponOverheatedEvent,weaponoverheated,0x2b24728
550,WeaponShootTargetRemovedEvent,weaponshoottargetremoved,0x2b400b8
551,WeaponShootTargetSetEvent,weaponshoottargetset,0x2b40208
552,WeaponStartedAimingEvent,weaponstartedaiming,0x2b40128
553,WeaponStartedShootingEvent,weaponstartedshooting,0x2b3ffd8
554,WeaponStoppedAimingEvent,weaponstoppedaiming,0x2b40010
555,WeaponStoppedShootingEvent,weaponstoppedshooting,0x2b40080
556,ZoneAddedEvent,zoneadded,0x2b41fc8
557,ZoneRemovedEvent,zoneremoved,0x2b41f90
